{"name":"MainMenuSlot","identifier":"W3ONIQECQE","description":null,"slotTypeValues":[{"synonyms":[{"value":"Book a Flight"}],"sampleValue":{"value":"Book a Flight"}},{"synonyms":[{"value":"Flight Information"}],"sampleValue":{"value":"Flight Information"}},{"synonyms":[{"value":"Manage Booking"}],"sampleValue":{"value":"Manage Booking"}},{"synonyms":[{"value":"Contact Us"}],"sampleValue":{"value":"Contact Us"}}],"parentSlotTypeSignature":null,"valueSelectionSetting":{"resolutionStrategy":"TOP_RESOLUTION","regexFilter":null}}